way_type,mean_speed_kph
3,28.733955213567498
4,25.60537553806347
5,23.05755791227762
6,19.341820913895027
